{
  "train_loss": [
    1.3376107720614283,
    1.2839131963707917,
    1.2314477967292772,
    1.1974334863299874,
    1.1708290825454741,
    1.142168135320565,
    1.1190423342983598,
    1.1001360705571812,
    1.0853893240259418,
    1.0587967275971113,
    1.0424406058860547
  ],
  "val_loss": [
    1.1886744209507991,
    1.2051274067196767,
    1.2154358485557513,
    1.2430846711110803,
    1.2939492800382262,
    1.2783131529499032,
    1.362425799143381,
    1.3433876017618445,
    1.3108015440029805,
    1.4695568031438901,
    1.5351987507756195
  ],
  "lr": [
    1.219781971586385e-05,
    1.2790735354566618e-05,
    1.377711788273084e-05,
    1.5154257218253015e-05,
    1.691836967624349e-05,
    1.906460836468562e-05,
    2.1587076501252702e-05,
    2.4478843614694084e-05,
    2.773196458627741e-05,
    3.1337501478971184e-05,
    3.5285548094391404e-05
  ],
  "train_acc_Boredom": [
    18.448372615039283,
    28.4652076318743,
    34.02076318742985,
    38.453984287317624,
    40.15151515151515,
    42.269921436588106,
    43.77104377104377,
    44.50056116722783,
    44.907407407407405,
    46.029741863075195,
    46.99775533108866
  ],
  "train_acc_Engagement": [
    41.91919191919192,
    48.10606060606061,
    47.22222222222222,
    48.470819304152634,
    45.931537598204265,
    48.58305274971942,
    48.84960718294052,
    50.63131313131313,
    50.196408529741866,
    51.65544332210998,
    52.56734006734006
  ],
  "train_acc_Confusion": [
    50.44893378226711,
    53.90011223344556,
    52.1324354657688,
    51.71156004489338,
    53.84399551066218,
    53.84399551066218,
    55.331088664422,
    54.20875420875421,
    55.401234567901234,
    56.45342312008979,
    56.50953984287318
  ],
  "train_acc_Frustration": [
    60.1010101010101,
    62.51402918069585,
    61.44781144781145,
    61.195286195286194,
    61.40572390572391,
    62.008978675645345,
    61.994949494949495,
    60.81649831649831,
    62.05106621773289,
    63.13131313131313,
    64.0432098765432
  ],
  "val_acc_Boredom": [
    24.352694191742476,
    24.632610216934918,
    24.072778166550034,
    24.422673198040588,
    20.083974807557734,
    24.142757172848146,
    21.903428971308607,
    22.953114065780266,
    25.122463261021693,
    24.4926522043387,
    22.25332400279916
  ],
  "val_acc_Engagement": [
    47.655703289013296,
    40.86773967809657,
    40.72778166550035,
    33.37998600419874,
    31.980405878236528,
    35.68929321203639,
    33.65990202939118,
    31.1406578026592,
    35.82925122463261,
    30.370888733379985,
    34.56962911126662
  ],
  "val_acc_Confusion": [
    47.0258922323303,
    22.393282015395382,
    25.892232330300907,
    19.59412176347096,
    15.325402379286215,
    20.713785864240727,
    17.844646606018195,
    24.982505248425472,
    22.113365990202936,
    12.596221133659903,
    20.083974807557734
  ],
  "val_acc_Frustration": [
    59.83205038488454,
    28.621413575927225,
    34.149755073477955,
    26.24212736179146,
    24.002799160251925,
    26.24212736179146,
    19.804058782365292,
    24.56263121063681,
    26.03219034289713,
    15.675297410776768,
    11.826452064380685
  ],
  "val_f1_Boredom": [
    20.26082631660726,
    23.745078824704834,
    22.762505518383673,
    24.05466229117422,
    19.956711791430763,
    22.80110407436358,
    21.92919567635438,
    22.267401224222088,
    24.34544523128808,
    23.440034948803735,
    19.19341775272095
  ],
  "val_f1_Engagement": [
    24.833206009676598,
    25.222775624843912,
    26.052491777614478,
    24.41803029720922,
    24.281691313310834,
    26.708883433794423,
    23.543381068669568,
    23.919923013951387,
    25.23206484441911,
    24.280235003832928,
    23.189171822328806
  ],
  "val_f1_Confusion": [
    18.87385843461941,
    12.809636014177862,
    15.63329961629677,
    14.334679536300055,
    9.60019950994214,
    14.239192447859686,
    13.684094988508717,
    18.002355879271736,
    16.988046278415815,
    10.653412278815132,
    13.85165658433179
  ],
  "val_f1_Frustration": [
    20.38919413919414,
    15.363355924037766,
    15.876971875211526,
    13.722518066462486,
    12.994664565521871,
    13.40955699811554,
    12.23168120932666,
    12.85992535587504,
    14.621842106982946,
    10.442928919347363,
    7.878086558201206
  ]
}