{
  "train_loss": [
    1.0239290632001494,
    0.9308417067321225,
    0.8503372860854023,
    0.8068936517471872,
    0.7677723044019034,
    0.7412174943002682,
    0.7300864240631761,
    0.7108786227856224,
    0.704034416732546,
    0.6782080583869743,
    0.6790256433695265,
    0.6577763890178459,
    0.6527291384982564,
    0.6408361568991331,
    0.6393845418970294,
    0.6250691648135887,
    0.6265244541259912,
    0.6210048709056376,
    0.5964296237691469,
    0.5989498668882365,
    0.5981460410080532,
    0.5842861422546948,
    0.5697619198884779,
    0.5850286562888812,
    0.5768513293231575,
    0.5720254803344863,
    0.5672570416694083,
    0.5615987701980012
  ],
  "val_loss": [
    0.8631658927022412,
    0.8401047357633793,
    0.8393886365704031,
    0.8417249310283021,
    0.8137260785315956,
    0.8143565504910559,
    0.8221861949846065,
    0.8205504908575026,
    0.8277019380524172,
    0.8119732780829488,
    0.8513246598190436,
    0.8400643879141887,
    0.8513980632720712,
    0.8638827466098956,
    0.8539926964144468,
    0.9001213410380167,
    0.9123268806734565,
    0.9017534339228156,
    0.8973819695038503,
    0.90839926657064,
    0.961001337573515,
    0.974738015142899,
    1.0354479458078991,
    0.995258320976236,
    0.9988966470990102,
    1.067580130513154,
    1.167046027809548,
    0.9563140965706809
  ],
  "lr": [
    1.2198862839021092e-05,
    1.279490210012946e-05,
    1.3786471532496974e-05,
    1.5170832437340148e-05,
    1.6944161232162244e-05,
    1.9101560011426384e-05,
    2.1637070074491643e-05,
    2.4543688383448197e-05,
    2.7813386905395105e-05,
    3.143713478573763e-05,
    3.5404923291262186e-05,
    3.97057934540959e-05,
    4.4327866340199324e-05,
    4.9258375858790646e-05,
    5.448370402208252e-05,
    5.99894185579448e-05,
    6.576031277160749e-05,
    7.17804475463064e-05,
    7.803319536686678e-05,
    8.450128624463198e-05,
    9.11668554168936e-05,
    9.801149268907829e-05,
    0.00010501629328340802,
    0.00011216191005359157,
    0.0001194286069213308,
    0.0001267963133870502,
    0.00013424467996429372,
    0.00014175313438467767
  ],
  "train_acc_Boredom": [
    19.58551157580284,
    21.47124719940254,
    29.985063480209114,
    33.34578043315907,
    36.407766990291265,
    37.86407766990291,
    39.24570575056012,
    40.85138162808066,
    41.784914115011205,
    42.69977595220313,
    44.84690067214339,
    46.097834204630324,
    46.2285287528006,
    47.66616878267364,
    47.83420463032114,
    48.87976101568335,
    49.70126960418222,
    48.05825242718447,
    50.728155339805824,
    51.15758028379388,
    51.176250933532486,
    51.736370425690815,
    52.55787901418969,
    51.62434652725915,
    53.28603435399552,
    53.640776699029125,
    52.94996265870052,
    53.640776699029125
  ],
  "train_acc_Engagement": [
    25.42942494398805,
    25.746825989544437,
    30.15309932785661,
    37.1545929798357,
    40.926064227035106,
    43.03584764749813,
    43.5026138909634,
    44.99626587005228,
    44.88424197162061,
    47.423450336071696,
    46.900672143390594,
    48.43166542195668,
    48.33831217326363,
    49.25317401045557,
    48.95444361463779,
    50.634802091112775,
    51.493651979088874,
    49.43988050784167,
    53.02464525765497,
    52.315160567587746,
    53.09932785660941,
    53.82748319641524,
    53.56609410007468,
    53.547423450336076,
    53.95817774458551,
    54.66766243465273,
    53.9395070948469,
    54.499626587005224
  ],
  "train_acc_Confusion": [
    59.4286781179985,
    61.9865571321882,
    62.32262882748319,
    62.1545929798357,
    62.54667662434653,
    64.22703510082151,
    64.52576549663928,
    64.65646004480956,
    63.89096340552651,
    65.4219566840926,
    65.0485436893204,
    65.64600448095594,
    67.88648244958925,
    66.33681852128454,
    66.82225541448842,
    67.43838685586259,
    67.08364451082898,
    66.54219566840926,
    68.53995519044062,
    68.8200149365198,
    68.1292008961912,
    68.57729648991786,
    69.06273338312174,
    67.90515309932785,
    69.39880507841673,
    68.24122479462285,
    69.00672143390591,
    69.0253920836445
  ],
  "train_acc_Frustration": [
    67.58775205377147,
    68.22255414488424,
    68.68932038834951,
    68.52128454070203,
    70.10828976848394,
    69.11874533233757,
    70.59372666168782,
    69.62285287528006,
    69.79088872292756,
    71.60194174757282,
    69.92158327109783,
    70.66840926064228,
    72.05003734129947,
    71.26587005227782,
    72.0873786407767,
    71.52725914861837,
    71.9193427931292,
    72.70351008215086,
    73.31964152352501,
    73.71172516803584,
    73.52501867064973,
    73.9731142643764,
    73.48767737117252,
    73.03958177744585,
    74.40253920836444,
    74.92531740104556,
    74.19716206123972,
    73.8050784167289
  ],
  "val_acc_Boredom": [
    9.447165850244927,
    22.18334499650105,
    26.731980405878236,
    27.781665500349895,
    33.72988103568929,
    31.350594821553535,
    32.4702589223233,
    31.630510846745974,
    34.28971308607417,
    33.939818054583625,
    37.15885234429671,
    35.96920923722883,
    34.77956613016095,
    33.51994401679496,
    36.738978306508045,
    33.65990202939118,
    31.840447865640307,
    33.939818054583625,
    35.899230230930726,
    36.80895731280616,
    29.391182645206438,
    31.980405878236528,
    30.440867739678097,
    37.718684394681596,
    32.19034289713086,
    34.849545136459064,
    35.61931420573828,
    32.540237928621416
  ],
  "val_acc_Engagement": [
    1.609517144856543,
    5.248425472358292,
    14.625612316305109,
    20.503848845346397,
    27.501749475157457,
    25.962211336599022,
    27.29181245626312,
    27.29181245626312,
    28.06158152554234,
    36.109167249825056,
    26.871938418474457,
    34.35969209237229,
    38.06857942617215,
    27.711686494051786,
    29.741077676696992,
    30.72078376487054,
    17.63470958712386,
    26.592022393282015,
    29.111266620014,
    23.722883135059483,
    19.314205738278517,
    21.763470958712386,
    20.92372288313506,
    29.111266620014,
    16.724982505248427,
    27.991602519244225,
    17.35479356193142,
    31.560531840447865
  ],
  "val_acc_Confusion": [
    65.92022393282015,
    64.10076976906927,
    60.67179846046186,
    59.97200839748076,
    62.70118964310707,
    60.881735479356195,
    60.53184044786563,
    60.95171448565431,
    58.64240727781665,
    60.881735479356195,
    56.962911126662,
    59.27221833449965,
    58.08257522743177,
    52.624212736179146,
    60.60181945416375,
    56.12316305108468,
    57.73268019594122,
    60.32190342897131,
    57.94261721483554,
    56.19314205738279,
    56.403079076277116,
    56.962911126662,
    49.82505248425472,
    57.66270118964311,
    55.6333100069979,
    50.87473757872638,
    52.20433869839049,
    60.95171448565431
  ],
  "val_acc_Frustration": [
    74.03778866340099,
    73.89783065080476,
    69.48915325402379,
    68.29951014695591,
    71.30860741777467,
    67.24982505248425,
    63.40097970608818,
    65.36039188243527,
    61.02169349195241,
    62.771168649405176,
    56.47305808257522,
    60.18194541637508,
    59.97200839748076,
    54.933519944016794,
    63.6109167249825,
    54.16375087473758,
    58.71238628411477,
    59.482155353393985,
    58.57242827151854,
    61.16165150454863,
    58.57242827151854,
    55.98320503848845,
    44.01679496151154,
    58.782365290412876,
    58.782365290412876,
    53.88383484954513,
    51.71448565430371,
    62.42127361791463
  ],